seed,id,a1 in f1,a1 in f2,a2 in f2,a1 in f4,a2 in f4,a1 in f5,a1 in f6,a2 in f6
2363,1,4.81646235874958e-4,0.0013641189136188562,-2.312029898730464e-7,-4.991638398418009e-4,1.1711659711641775,0.006091830377002116,-0.0013297130675731445,10.005220536200415
8816,2,5.635986126729306e-4,0.00139457369917076,-2.1771090409222606e-7,-3.330319613024684e-4,1.0706488880408305,0.006189603435249043,-0.001136673985198643,9.391622236946727
9086,3,2.589351542018588e-4,7.382466353859564e-4,-1.2557697289116785e-7,-3.0042804897063667e-4,0.6679245710218459,0.005815998359229142,-7.442940300124402e-4,5.541434665838552
5605,4,1.5457325842708995e-4,5.798247119708705e-4,-1.1141354286292621e-7,-2.9028763729513395e-4,0.5311996235262386,0.005689174116951295,-7.111033465376801e-4,4.7816495210056695
3202,5,1.7107027218536832e-4,5.291915843727206e-4,-9.382581489849082e-8,-2.1413428138305801e-4,0.45996516170283547,0.005707833802489378,-5.708349548589681e-4,4.097986191590009
2209,6,6.272734045586161e-4,0.0015795382536478006,-2.494881550591407e-7,-4.07386481867239e-4,1.2354669682864157,0.006268566898910038,-0.0013122966681729435,10.713405278650486
1976,7,3.988492629340799e-4,0.0010587201023764005,-1.72882532067896e-7,-3.062656718138128e-4,0.8419638396688538,0.005987871491321785,-9.416535491785134e-4,7.404398585665585
3917,8,3.3657299153532237e-4,8.874678654972665e-4,-1.4433142824473944e-7,-2.058947414475634e-4,0.6477500232242718,0.005910731299359111,-7.535869081622924e-4,6.02160498772036
